MobilePlan,Age,Gender,Occupation,Income,EducationLevel,MaritalStatus,Dependents,Location,MonthlyDataUsage,Gaming,Streaming,SocialMedia,AvgDailyScreenTime,HotspotUsage,MobileServiceProvider,YearsWithCurrentTelco,MonthlyBill,SIMCardsOwned,DeviceOwned,LinesInHousehold,HaveContractSmartphone,HaveWifi
1,24.0,1,2,0.0,0,1,0.0,2,10.0,1,1,1,6.0,2,10,2.0,25.0,1.0,2.0,6.0,0,1
1,22.0,1,2,1100.0,0,1,0.0,0,20.0,1,1,1,8.0,2,5,7.0,40.0,1.0,3.0,2.0,1,1
1,22.0,0,2,0.0,1,1,0.0,2,30.0,1,1,1,17.0,2,11,6.0,35.0,1.0,3.0,1.0,0,1
1,25.0,0,2,1000.0,0,1,1.0,2,50.0,1,1,1,6.0,2,10,4.0,40.0,1.0,3.0,6.0,0,1
0,24.0,0,0,4000.0,0,1,0.0,2,100.0,1,1,1,6.0,2,5,10.0,38.0,2.0,5.0,6.0,0,1
1,27.0,0,0,4000.0,0,1,1.0,2,25.0,0,1,1,8.0,1,2,4.0,60.0,1.0,3.0,7.0,1,1
1,20.0,0,2,3000.0,0,1,2.0,2,80.0,0,0,1,5.0,2,2,2.0,50.0,2.0,2.0,4.0,0,1
0,26.0,1,0,1700.0,1,1,0.0,2,100.0,1,1,1,4.0,1,2,7.0,35.0,1.0,1.0,7.0,0,1
0,24.0,1,2,1200.0,0,1,0.0,2,50.0,0,1,1,9.0,1,11,6.0,35.0,1.0,3.0,1.0,1,1
1,23.0,1,2,4000.0,0,1,0.0,2,45.0,0,1,1,12.0,1,2,10.0,25.0,1.0,5.0,3.0,0,1
0,23.0,0,0,1500.0,1,1,0.0,2,30.0,0,1,1,3.0,1,5,3.0,228.0,1.0,2.0,2.0,1,1
1,23.0,0,2,430.0,0,1,0.0,1,45.0,0,0,1,5.0,0,2,7.0,45.0,1.0,3.0,6.0,0,0
1,23.0,1,2,300.0,0,1,0.0,2,15.0,1,0,0,2.0,1,2,6.0,35.0,1.0,2.0,2.0,0,1
1,22.0,1,2,0.0,0,1,0.0,2,10.0,1,1,1,6.0,2,5,3.0,20.0,1.0,2.0,3.0,0,1
1,23.0,1,2,800.0,0,1,0.0,2,30.0,1,1,1,15.0,2,2,7.0,35.0,1.0,3.0,6.0,0,1
0,38.0,0,0,3700.0,1,0,5.0,0,10.0,0,1,1,1.0,2,2,2.0,75.0,1.0,2.0,2.0,1,1
0,48.0,1,0,5000.0,3,0,6.0,1,120.0,0,1,1,4.0,2,11,5.0,90.0,2.0,7.0,6.0,0,1
1,23.0,1,2,0.0,0,1,0.0,0,25.0,0,1,1,5.0,1,2,5.0,40.0,1.0,2.0,3.0,0,0
0,33.0,0,0,2000.0,1,0,3.0,2,30.0,0,0,1,3.0,1,7,1.0,50.0,1.0,1.0,2.0,0,1
0,16.0,0,2,0.0,2,1,0.0,2,30.0,1,1,1,7.0,2,2,5.0,30.0,1.0,3.0,0.0,0,0
1,24.0,0,2,3000.0,0,1,2.0,2,10.0,0,1,1,4.0,1,2,9.0,35.0,1.0,2.0,3.0,0,1
0,17.0,1,3,0.0,2,1,0.0,2,100.0,0,1,1,4.0,0,2,6.0,45.0,1.0,3.0,7.0,1,0
1,30.0,1,0,4000.0,0,0,2.0,2,10.0,1,0,1,5.0,1,5,10.0,25.0,1.0,2.0,3.0,0,1
1,24.0,1,0,2500.0,1,1,4.0,1,28.0,1,1,1,2.0,1,10,4.0,110.0,1.0,4.0,6.0,0,1
0,22.0,0,0,1700.0,2,1,0.0,2,200.0,0,1,1,24.0,2,5,1.0,79.0,1.0,1.0,3.0,0,0
0,24.0,1,2,1200.0,3,1,1.0,1,50.0,1,1,1,10.0,0,2,6.0,120.0,1.0,3.0,1.0,1,0
0,20.0,0,2,0.0,1,1,0.0,2,25.0,0,0,1,8.0,0,5,3.0,48.0,1.0,2.0,1.0,1,0
1,23.0,0,2,3500.0,0,1,0.0,1,100.0,1,1,1,10.0,0,10,9.0,43.0,1.0,2.0,4.0,0,1
0,23.0,0,2,3000.0,0,1,2.0,1,50.0,0,1,1,9.0,2,14,1.0,43.0,1.0,2.0,2.0,0,1
0,24.0,1,2,0.0,0,1,0.0,2,60.0,0,1,1,3.0,1,2,3.0,60.0,1.0,3.0,2.0,1,1
0,23.0,0,2,0.0,0,1,0.0,2,60.0,1,1,1,5.0,0,2,8.0,42.0,1.0,3.0,3.0,0,1
1,25.0,0,2,3000.0,0,1,2.0,2,100.0,0,1,1,6.0,1,9,5.0,35.0,1.0,3.0,3.0,0,1
0,23.0,1,2,1000.0,0,1,0.0,2,100.0,1,1,1,7.0,2,2,10.0,60.0,1.0,2.0,5.0,0,0
0,24.0,1,2,5000.0,0,1,0.0,2,40.0,1,1,1,5.0,2,2,9.0,40.0,1.0,2.0,1.0,0,1
1,18.0,1,3,0.0,2,1,0.0,2,60.0,1,1,1,8.0,2,2,7.0,150.0,1.0,3.0,5.0,0,1
1,30.0,0,0,1000.0,0,0,1.0,2,40.0,0,1,1,2.0,1,2,3.0,49.0,13.0,3.0,4.0,1,1
1,27.0,0,0,3700.0,3,0,1.0,2,20.0,0,1,1,4.0,1,2,15.0,25.0,1.0,1.0,2.0,0,1
1,23.0,0,2,4500.0,1,1,4.0,1,200.0,0,1,1,17.0,0,5,10.0,50.0,2.0,3.0,2.0,0,0
0,26.0,1,0,4000.0,0,0,1.0,1,30.0,0,1,1,3.0,1,5,3.0,300.0,1.0,1.0,2.0,1,1
0,25.0,0,2,3000.0,0,1,2.0,2,300.0,0,0,1,6.0,2,2,5.0,100.0,2.0,3.0,5.0,0,1
0,26.0,1,0,2400.0,0,1,0.0,2,80.0,0,1,1,5.0,2,2,4.0,90.0,1.0,4.0,1.0,0,1
1,25.0,1,0,3500.0,0,1,0.0,1,40.0,1,1,1,8.0,1,5,5.0,60.0,0.0,3.0,7.0,0,1
0,23.0,1,2,0.0,0,1,0.0,2,100.0,1,1,1,5.0,2,5,4.0,90.0,1.0,4.0,5.0,0,1
1,24.0,1,2,1800.0,0,1,1.0,2,3.0,1,1,1,8.0,1,5,10.0,88.0,1.0,6.0,2.0,1,1
1,18.0,0,3,0.0,2,1,0.0,1,20.0,1,1,1,9.0,2,2,3.0,30.0,1.0,2.0,4.0,0,1
1,26.0,1,2,0.0,3,1,0.0,2,20.0,1,1,1,7.0,1,5,10.0,30.0,1.0,3.0,6.0,0,1
0,49.0,0,0,9000.0,0,0,5.0,2,20.0,0,0,1,3.0,1,2,4.0,60.0,1.0,35.0,5.0,0,1
0,53.0,0,0,8000.0,0,0,5.0,2,30.0,0,1,1,3.0,1,2,9.0,350.0,13.0,37.0,7.0,1,1
1,23.0,0,2,1000.0,0,1,0.0,0,100.0,0,1,1,5.0,1,2,4.0,45.0,1.0,4.0,8.0,0,1
0,23.0,0,2,1300.0,0,1,2.0,2,10.0,0,1,1,5.0,0,2,10.0,60.0,2.0,3.0,1.0,1,1
0,49.0,0,0,8000.0,0,0,5.0,2,20.0,0,0,1,2.0,2,2,10.0,90.0,1.0,2.0,7.0,0,0
1,53.0,0,0,10000.0,0,0,2.0,2,20.0,0,1,1,5.0,0,5,2.0,50.0,1.0,2.0,3.0,0,0
0,41.0,0,0,5000.0,0,0,3.0,1,25.0,0,0,1,5.0,2,14,15.0,118.0,1.0,3.0,4.0,0,1
1,38.0,0,0,3500.0,0,0,4.0,1,80.0,0,1,1,3.0,1,2,4.0,30.0,1.0,2.0,3.0,0,1
0,60.0,0,1,6490.0,0,0,4.0,2,50.0,0,1,1,3.0,2,5,20.0,150.0,1.0,3.0,4.0,1,1
0,59.0,0,0,8000.0,0,1,2.0,1,10.0,0,1,1,4.0,1,2,10.0,200.0,2.0,2.0,1.0,1,1
0,39.0,0,0,6000.0,0,0,3.0,0,35.0,0,1,1,1.0,1,2,8.0,68.0,1.0,2.0,2.0,1,1
0,51.0,0,0,8000.0,0,0,3.0,2,15.0,0,0,1,4.0,2,2,10.0,30.0,1.0,2.0,5.0,0,1
1,59.0,0,1,5000.0,0,0,0.0,1,50.0,0,0,1,5.0,2,2,7.0,50.0,1.0,2.0,2.0,0,1
1,59.0,0,0,1500.0,0,0,2.0,1,20.0,0,1,1,12.0,2,5,10.0,40.0,1.0,1.0,3.0,0,1
1,47.0,0,0,9000.0,0,0,5.0,2,20.0,0,0,1,8.0,2,10,4.0,38.0,2.0,2.0,5.0,0,1
0,58.0,0,1,6000.0,0,0,7.0,2,30.0,0,1,1,3.0,2,11,5.0,70.0,2.0,2.0,5.0,0,1
0,60.0,1,1,0.0,1,0,5.0,1,30.0,0,1,0,3.0,1,10,10.0,100.0,4.0,4.0,4.0,1,0
0,56.0,0,0,10000.0,0,0,3.0,2,15.0,0,0,0,3.0,1,2,6.0,30.0,1.0,2.0,5.0,0,1
0,48.0,0,0,6700.0,0,0,4.0,2,20.0,0,0,1,1.0,2,14,5.0,45.0,1.0,3.0,2.0,0,1
0,40.0,0,0,6000.0,3,0,4.0,1,2.0,0,0,0,4.0,2,10,3.0,38.0,1.0,2.0,2.0,0,1
0,29.0,1,0,2000.0,0,1,3.0,2,40.0,1,1,1,5.0,2,5,3.0,280.0,2.0,4.0,5.0,0,1
0,58.0,0,1,5000.0,0,0,2.0,1,20.0,0,0,0,4.0,1,7,10.0,60.0,1.0,1.0,5.0,0,1
0,57.0,1,1,5000.0,0,0,2.0,2,20.0,0,1,1,2.0,2,10,8.0,40.0,1.0,2.0,3.0,0,1
1,59.0,0,1,5000.0,0,0,8.0,0,10.0,0,1,1,3.0,2,9,10.0,50.0,23.0,3.0,3.0,0,1
1,29.0,1,0,3000.0,3,1,1.0,2,60.0,1,1,1,5.0,0,2,750.0,50.0,1.0,2.0,3.0,0,1
0,65.0,1,1,4000.0,2,0,7.0,0,50.0,0,1,1,2.0,2,2,5.0,300.0,2.0,2.0,5.0,1,0
0,54.0,0,0,10200.0,0,0,3.0,2,15.0,0,0,1,2.0,2,2,7.0,130.0,2.0,23.0,3.0,1,1
0,59.0,0,1,5000.0,0,0,4.0,2,30.0,0,1,1,4.0,2,10,2.0,106.0,2.0,1.0,5.0,0,1
0,22.0,0,2,0.0,1,1,0.0,2,20.0,0,1,1,12.0,2,2,11.0,200.0,1.0,3.0,5.0,0,1
1,59.0,0,1,5500.0,0,0,2.0,1,2.0,0,1,1,4.0,1,10,5.0,25.0,1.0,2.0,4.0,0,1
0,49.0,0,0,20000.0,3,0,2.0,2,20.0,0,0,1,4.0,2,2,25.0,200.0,1.0,3.0,1.0,0,1
1,47.0,0,3,0.0,1,0,6.0,2,10.0,0,1,1,4.0,2,9,4.0,50.0,1.0,2.0,5.0,0,1
0,61.0,1,1,5000.0,0,0,6.0,0,30.0,0,0,1,6.0,1,2,2.0,70.0,1.0,2.0,4.0,1,1
1,58.0,0,1,6500.0,0,0,1.0,2,35.0,0,0,1,1.0,0,2,5.0,351.0,1.0,1.0,12.0,0,1
0,50.0,0,0,11000.0,0,0,3.0,1,100.0,0,0,1,2.0,1,2,10.0,98.0,1.0,3.0,5.0,0,1
0,58.0,0,1,6000.0,0,0,6.0,2,10.0,0,1,0,1.0,1,2,10.0,42.0,1.0,27.0,7.0,0,1
0,64.0,0,1,5000.0,0,1,1.0,0,40.0,0,0,1,2.0,2,2,5.0,40.0,1.0,1.0,2.0,0,1
0,51.0,0,1,0.0,0,0,4.0,1,20.0,0,0,1,2.0,1,2,20.0,50.0,1.0,2.0,2.0,1,1
1,58.0,0,1,5000.0,0,0,1.0,2,20.0,0,1,0,3.0,1,2,10.0,85.0,1.0,1.0,5.0,0,1
0,59.0,0,1,1000.0,2,0,2.0,1,20.0,1,1,1,2.0,1,2,5.0,50.0,2.0,1.0,4.0,0,1
1,32.0,1,0,10000.0,0,0,2.0,1,60.0,0,1,1,4.0,1,2,5.0,49.0,1.0,3.0,2.0,0,0
1,59.0,0,1,3000.0,0,0,4.0,2,35.0,0,0,1,5.0,1,9,10.0,35.0,1.0,1.0,4.0,0,1
0,61.0,0,1,5000.0,0,0,1.0,0,20.0,0,1,0,3.0,1,2,2.0,50.0,2.0,2.0,3.0,0,1
0,59.0,0,1,3000.0,0,0,7.0,1,20.0,0,0,1,2.0,1,10,5.0,40.0,1.0,1.0,7.0,0,0
0,58.0,0,1,5000.0,3,0,0.0,1,100.0,0,1,1,4.0,1,2,10.0,100.0,1.0,1.0,1.0,0,1
0,58.0,0,1,6000.0,0,0,2.0,0,50.0,0,1,1,2.0,2,2,15.0,100.0,1.0,2.0,2.0,1,1
1,28.0,0,3,3000.0,0,0,1.0,2,60.0,0,0,1,1.0,1,5,2.0,25.0,1.0,3.0,2.0,0,1
1,33.0,0,3,3000.0,0,0,3.0,2,10.0,0,1,1,2.0,2,2,8.0,15.0,1.0,1.0,2.0,0,1
0,31.0,0,0,3500.0,0,0,2.0,1,150.0,0,0,1,4.0,2,5,2.0,80.0,1.0,2.0,3.0,0,1
1,30.0,0,0,2000.0,1,0,2.0,1,100.0,0,1,1,4.0,1,7,1.0,35.0,1.0,3.0,5.0,0,1
0,51.0,0,0,6000.0,0,0,7.0,0,20.0,0,1,1,2.0,2,13,5.0,50.0,2.0,2.0,5.0,0,1
0,25.0,1,2,0.0,0,1,0.0,0,80.0,0,1,1,10.0,2,5,3.0,42.0,1.0,2.0,2.0,0,1
1,30.0,0,3,0.0,0,0,0.0,0,10.0,0,1,1,3.0,0,5,5.0,50.0,2.0,1.0,2.0,0,0
1,53.0,1,0,7000.0,0,0,7.0,1,30.0,0,1,1,10.0,2,13,10.0,30.0,2.0,2.0,3.0,0,1
0,38.0,0,0,5000.0,3,0,5.0,1,100.0,0,1,1,20.0,2,5,11.0,65.0,1.0,2.0,5.0,0,0
0,22.0,1,2,0.0,0,1,0.0,2,30.0,0,1,1,6.0,1,5,2.0,50.0,1.0,2.0,2.0,1,1
0,53.0,1,0,7000.0,0,0,6.0,2,50.0,0,1,1,6.0,1,2,8.0,150.0,2.0,3.0,6.0,0,1
0,26.0,1,2,0.0,1,1,0.0,1,50.0,0,1,1,8.0,2,5,6.0,100.0,1.0,3.0,3.0,0,1
0,23.0,1,2,0.0,3,1,0.0,2,400.0,1,1,1,12.0,0,5,1.0,100.0,4.0,9.0,2.0,0,1
1,49.0,1,0,7000.0,0,0,7.0,1,20.0,0,1,1,3.0,0,2,7.0,50.0,2.0,11.0,7.0,1,1
1,61.0,0,1,5000.0,0,0,2.0,2,30.0,0,1,1,4.0,2,5,10.0,30.0,1.0,2.0,3.0,0,1
0,21.0,0,2,700.0,0,1,0.0,2,100.0,0,1,1,3.0,0,2,5.0,50.0,1.0,3.0,2.0,0,1
1,49.0,0,0,7000.0,0,0,5.0,1,30.0,0,0,1,2.0,2,2,4.0,30.0,1.0,2.0,4.0,0,1
1,25.0,1,0,6000.0,3,0,1.0,2,22.0,0,1,1,3.0,2,11,3.0,60.0,2.0,3.0,6.0,1,1
0,54.0,0,0,6000.0,0,0,1.0,2,49.0,0,1,1,4.0,2,2,12.0,140.0,23.0,3.0,4.0,1,1
1,45.0,0,0,4560.0,1,0,7.0,1,25.0,0,1,1,2.0,2,10,2.0,35.0,1.0,3.0,4.0,0,1
0,58.0,1,0,5000.0,0,0,3.0,1,40.0,0,1,1,5.0,2,2,20.0,100.0,1.0,2.0,4.0,1,1
1,46.0,0,0,8000.0,0,0,7.0,2,6.0,0,1,1,5.0,1,10,7.0,30.0,1.0,2.0,4.0,0,0
1,58.0,0,1,2000.0,2,0,3.0,2,40.0,1,0,1,8.0,1,10,10.0,38.0,1.0,3.0,3.0,0,1
1,51.0,1,0,8000.0,0,0,7.0,0,100.0,0,1,1,4.0,0,9,5.0,35.0,2.0,2.0,4.0,0,1
1,46.0,1,0,7000.0,0,0,6.0,1,10.0,0,0,1,3.0,2,2,5.0,20.0,1.0,2.0,5.0,0,1
0,65.0,0,1,2000.0,1,0,2.0,2,20.0,0,0,1,4.0,1,2,8.0,100.0,1.0,2.0,4.0,0,1
0,22.0,0,2,200.0,1,1,1.0,2,200.0,1,1,1,4.0,0,5,1.0,60.0,2.0,1.0,0.0,0,1
0,56.0,0,0,9963.0,0,0,2.0,2,30.0,0,0,1,2.0,2,14,5.0,63.0,1.0,2.0,4.0,0,1
1,55.0,1,0,9000.0,0,0,5.0,2,30.0,0,1,1,3.0,2,2,20.0,50.0,1.0,3.0,6.0,0,1
0,47.0,0,0,4300.0,0,0,1.0,2,8.0,0,1,1,4.0,0,2,20.0,114.0,1.0,2.0,3.0,0,1
1,58.0,0,1,4000.0,1,0,1.0,2,20.0,0,0,1,5.0,1,8,1.0,20.0,1.0,2.0,2.0,0,1
1,22.0,0,2,0.0,1,1,0.0,2,8.0,0,0,1,4.0,2,2,4.0,20.0,1.0,3.0,4.0,0,1
1,58.0,0,1,4500.0,0,0,2.0,2,20.0,0,0,1,8.0,2,10,5.0,40.0,1.0,2.0,3.0,0,1
0,22.0,0,0,1700.0,1,1,1.0,1,20.0,0,1,1,5.0,1,11,3.0,30.0,5.0,3.0,10.0,0,1
0,53.0,0,0,7000.0,0,0,6.0,2,20.0,0,1,1,12.0,0,2,10.0,80.0,1.0,6.0,8.0,1,1
0,50.0,1,0,4000.0,0,0,5.0,1,9.0,0,1,1,6.0,1,14,6.0,65.0,1.0,3.0,5.0,1,1
1,18.0,0,2,0.0,2,1,0.0,1,30.0,0,1,1,7.0,2,7,6.0,12.0,2.0,2.0,2.0,1,1
0,58.0,1,0,4000.0,1,0,3.0,2,15.0,0,1,1,3.0,2,2,3.0,48.0,12.0,2.0,3.0,0,1
0,68.0,0,1,0.0,0,0,0.0,1,20.0,0,0,1,2.0,1,5,20.0,120.0,1.0,2.0,2.0,0,1
0,18.0,0,0,3000.0,0,1,3.0,2,80.0,0,1,1,12.0,1,13,4.0,37.0,1.0,2.0,5.0,0,0
1,26.0,1,0,1000.0,1,1,0.0,2,30.0,0,1,1,3.0,1,2,4.0,35.0,1.0,2.0,1.0,0,1
1,22.0,0,0,2000.0,2,1,0.0,2,150.0,0,1,1,8.0,1,5,6.0,45.0,1.0,1.0,5.0,0,1
1,47.0,1,0,8000.0,3,0,4.0,2,30.0,0,1,1,2.0,1,2,4.0,50.0,1.0,2.0,5.0,0,1
1,47.0,1,0,9000.0,0,0,7.0,1,5.0,0,1,1,2.0,1,2,10.0,35.0,1.0,1.0,3.0,0,1
1,17.0,0,2,0.0,2,1,4.0,2,25.0,1,1,1,3.0,2,8,3.0,50.0,1.0,2.0,4.0,1,1
1,22.0,0,3,300.0,2,1,0.0,2,15.0,1,1,1,12.0,2,4,1.0,45.0,1.0,1.0,5.0,0,1
1,28.0,0,0,2500.0,0,0,0.0,2,6.0,0,1,1,8.0,2,10,6.0,45.0,2.0,2.0,2.0,0,1
0,33.0,1,0,5000.0,3,0,3.0,2,15.0,1,1,1,5.0,1,2,3.0,25.0,2.0,5.0,4.0,0,1
1,45.0,1,0,5000.0,0,0,5.0,1,50.0,0,0,1,2.0,0,2,10.0,50.0,1.0,2.0,5.0,0,1
0,23.0,0,2,0.0,0,1,0.0,1,60.0,0,1,1,8.0,2,14,1.0,40.28,1.0,3.0,2.0,0,1
1,23.0,1,2,2000.0,0,1,0.0,2,30.0,1,1,1,10.0,1,2,5.0,35.0,2.0,4.0,5.0,0,1
1,21.0,1,0,2000.0,1,1,0.0,2,40.0,1,1,0,6.0,1,5,7.0,45.0,1.0,3.0,6.0,0,1
1,16.0,1,2,0.0,2,1,0.0,0,4.0,0,1,1,12.0,2,8,1.0,25.0,1.0,1.0,2.0,0,1
0,50.0,0,0,4000.0,2,0,1.0,1,60.0,0,1,1,8.0,1,2,10.0,95.0,1.0,3.0,4.0,0,1
0,62.0,0,1,4000.0,1,0,0.0,1,2.0,0,0,1,1.0,1,2,20.0,50.0,1.0,1.0,2.0,0,1
0,40.0,1,0,7000.0,0,0,3.0,2,80.0,0,1,1,2.0,2,2,16.0,140.0,1.0,1.0,3.0,1,0
1,23.0,0,2,0.0,0,1,0.0,0,45.0,0,1,1,8.0,0,5,7.0,45.0,1.0,3.0,4.0,0,0
1,31.0,0,0,1500.0,1,0,2.0,1,50.0,0,1,1,4.0,2,2,4.0,35.0,1.0,2.0,4.0,0,0
1,30.0,0,0,1500.0,2,0,5.0,2,60.0,0,1,1,1.0,2,2,3.0,90.0,1.0,2.0,4.0,1,1
0,51.0,0,0,5500.0,0,0,5.0,2,50.0,0,0,0,8.0,2,2,20.0,60.0,1.0,2.0,7.0,0,1
0,61.0,0,1,4000.0,1,0,2.0,0,10.0,0,1,1,3.0,1,2,7.0,42.0,1.0,1.0,4.0,0,1
1,53.0,1,0,8000.0,0,0,3.0,0,10.0,0,1,1,3.0,1,6,10.0,30.0,1.0,3.0,3.0,0,1
1,24.0,1,2,0.0,0,1,1.0,2,25.0,0,1,1,6.0,2,9,6.0,30.0,1.0,3.0,3.0,0,1
1,24.0,1,2,0.0,0,1,1.0,2,25.0,0,1,1,6.0,2,9,6.0,30.0,1.0,3.0,3.0,0,1
1,19.0,1,2,0.0,1,1,0.0,1,20.0,0,0,1,4.0,0,10,4.0,40.0,1.0,2.0,4.0,0,1
0,47.0,0,0,7000.0,0,0,8.0,1,120.0,0,1,1,2.0,2,2,10.0,100.0,1.0,2.0,5.0,0,1
0,54.0,1,1,5000.0,3,0,4.0,2,50.0,0,1,1,3.0,0,2,26.0,70.0,2.0,3.0,4.0,0,0
1,53.0,1,0,7500.0,0,0,5.0,1,50.0,0,0,1,1.0,2,2,2.0,50.0,1.0,1.0,3.0,0,0
1,53.0,0,0,6800.0,0,0,5.0,1,30.0,0,1,1,3.0,1,5,25.0,180.0,2.0,3.0,1.0,1,1
0,50.0,0,0,6000.0,0,0,5.0,2,60.0,0,1,1,5.0,1,5,22.0,98.0,1.0,3.0,5.0,0,1
0,58.0,0,1,4000.0,0,0,6.0,2,20.0,0,0,0,3.0,1,2,10.0,50.0,1.0,3.0,4.0,0,1
1,54.0,1,0,6000.0,1,0,4.0,0,25.0,0,0,1,2.0,1,2,6.0,30.0,1.0,2.0,2.0,0,1
0,50.0,1,0,7000.0,3,0,8.0,1,50.0,0,1,1,3.0,0,2,20.0,80.0,1.0,2.0,7.0,0,1
0,23.0,1,0,2200.0,0,1,0.0,2,60.0,1,1,1,5.0,2,2,1.0,70.0,1.0,2.0,6.0,0,1
0,55.0,1,0,7000.0,1,0,7.0,2,100.0,0,1,1,12.0,2,5,25.0,70.0,1.0,2.0,7.0,0,1
1,24.0,1,0,2300.0,2,1,10.0,0,200.0,1,1,1,4.0,0,5,5.0,180.0,1.0,3.0,6.0,0,0
1,33.0,1,0,4000.0,0,0,2.0,1,30.0,0,1,1,3.0,0,10,9.0,50.0,1.0,2.0,2.0,1,0
1,50.0,0,0,1500.0,1,0,1.0,2,6.0,0,1,1,9.0,1,10,10.0,38.0,1.0,3.0,3.0,0,1
0,41.0,0,1,2000.0,0,1,0.0,2,20.0,1,1,0,2.0,0,2,2.0,20.0,2.0,2.0,2.0,1,1
1,65.0,0,1,3000.0,1,0,0.0,2,35.0,0,0,0,3.0,1,5,25.0,35.0,1.0,1.0,2.0,0,1
0,58.0,0,3,30000.0,2,0,4.0,0,10.0,0,1,1,1.0,2,2,10.0,100.0,1.0,2.0,5.0,0,1
0,35.0,1,0,2000.0,1,0,4.0,2,150.0,0,1,1,5.0,0,2,2.0,86.0,1.0,1.0,2.0,0,0
0,40.0,0,0,6000.0,0,0,1.0,2,40.0,0,0,0,4.0,2,2,11.0,180.0,1.0,2.0,3.0,0,1
0,35.0,1,0,1700.0,2,0,4.0,1,35.0,0,1,1,3.0,2,10,3.0,50.0,1.0,1.0,2.0,1,0
1,25.0,1,2,400.0,0,1,0.0,2,30.0,1,1,0,2.0,2,10,5.0,30.0,1.0,4.0,5.0,0,1
0,59.0,1,1,4000.0,1,0,2.0,2,20.0,0,0,1,3.0,2,2,15.0,431.0,1.0,2.0,3.0,0,1
0,37.0,0,0,6000.0,0,0,3.0,1,20.0,0,0,1,3.0,2,2,20.0,100.0,2.0,4.0,3.0,1,1
0,42.0,1,0,5000.0,4,0,3.0,2,3.0,0,1,1,2.0,1,5,3.0,200.0,1.0,1.0,3.0,1,1
0,43.0,0,0,5000.0,0,0,3.0,1,20.0,0,0,1,10.0,2,10,3.0,60.0,1.0,2.0,7.0,0,1
0,45.0,0,0,8000.0,0,0,4.0,2,10.0,0,1,1,1.0,2,5,16.0,150.0,1.0,3.0,3.0,0,1
0,58.0,0,1,5000.0,0,0,1.0,2,20.0,0,0,1,10.0,2,2,15.0,110.0,1.0,2.0,2.0,0,1
0,49.0,0,0,5000.0,1,0,2.0,0,20.0,1,1,1,3.0,1,10,10.0,90.0,1.0,3.0,4.0,0,1
1,45.0,1,0,1500.0,2,0,4.0,1,80.0,0,1,1,3.0,1,2,3.0,40.0,1.0,1.0,4.0,0,0
0,29.0,0,0,3000.0,0,1,0.0,2,6.0,0,0,1,5.0,2,2,5.0,30.0,2.0,3.0,3.0,0,1
0,58.0,1,0,3500.0,2,1,2.0,0,80.0,0,1,1,5.0,1,2,15.0,80.0,1.0,1.0,3.0,0,0
0,36.0,0,0,4809.0,0,0,3.0,2,10.0,0,1,1,1.0,2,5,4.0,67.0,1.0,2.0,3.0,0,1
0,52.0,1,0,9000.0,0,0,6.0,1,30.0,0,1,1,2.0,1,14,8.0,60.0,133.0,3.0,7.0,0,1
0,47.0,1,0,8000.0,0,0,5.0,0,50.0,0,0,0,1.0,2,5,27.0,320.0,2.0,2.0,2.0,1,1
0,61.0,0,1,4000.0,0,0,1.0,1,20.0,0,1,1,3.0,2,2,3.0,70.0,1.0,1.0,4.0,0,1
0,50.0,0,0,8000.0,0,0,8.0,2,40.0,0,1,0,5.0,1,2,8.0,40.0,1.0,2.0,3.0,0,1
1,28.0,1,0,3000.0,1,1,2.0,2,60.0,0,1,1,9.0,2,10,1.0,40.0,1.0,1.0,3.0,0,0
0,59.0,0,0,2000.0,2,1,1.0,2,50.0,0,1,1,8.0,1,5,3.0,75.0,1.0,1.0,8.0,0,1
0,51.0,1,0,7000.0,0,1,1.0,2,30.0,1,1,1,3.0,2,2,20.0,220.0,34.0,4.0,4.0,0,1
0,38.0,1,0,8500.0,0,0,4.0,1,50.0,0,1,0,4.0,2,2,13.0,90.0,2.0,5.0,2.0,1,1
1,29.0,0,3,0.0,0,0,1.0,2,50.0,0,1,1,24.0,1,9,5.0,35.0,1.0,2.0,2.0,0,1
0,24.0,0,2,0.0,1,1,0.0,0,50.0,1,1,1,6.0,0,10,6.0,40.0,1.0,3.0,1.0,0,1
0,31.0,0,0,2000.0,0,0,1.0,1,100.0,0,0,1,3.0,0,10,5.0,50.0,2.0,3.0,2.0,1,0
1,24.0,0,2,300.0,0,1,0.0,2,20.0,0,0,1,8.0,2,5,6.0,50.0,1.0,3.0,8.0,0,1
0,46.0,0,0,6000.0,0,0,1.0,2,50.0,0,0,1,2.0,1,9,4.0,50.0,1.0,2.0,4.0,0,1
0,41.0,0,0,6000.0,1,0,3.0,0,50.0,1,1,1,8.0,1,2,6.0,200.0,1.0,3.0,5.0,1,1
0,23.0,1,2,3325.0,0,1,2.0,0,100.0,1,1,1,4.0,2,2,1.0,50.0,2.0,4.0,3.0,0,1
0,58.0,0,1,4000.0,0,0,2.0,1,15.0,0,1,1,1.0,2,10,10.0,40.0,1.0,1.0,3.0,0,1
1,24.0,0,2,0.0,0,1,0.0,2,20.0,0,1,1,7.0,0,5,12.0,40.0,1.0,3.0,2.0,0,1
0,55.0,0,0,2000.0,2,0,2.0,2,30.0,0,0,1,12.0,0,14,5.0,110.0,2.0,2.0,6.0,1,1
0,40.0,1,0,200000.0,4,0,2.0,2,250.0,0,0,1,1.0,2,2,3.0,190.0,1.0,3.0,4.0,1,1
1,51.0,0,3,0.0,0,0,0.0,0,2.0,1,1,1,4.0,2,8,6.0,30.0,1.0,3.0,1.0,0,1
0,45.0,0,0,6000.0,3,0,2.0,2,250.0,0,1,1,6.0,1,2,3.0,120.0,1.0,3.0,4.0,1,1
0,54.0,1,3,0.0,0,0,0.0,2,50.0,0,1,1,5.0,1,2,30.0,50.0,1.0,1.0,5.0,1,0
0,53.0,1,0,12000.0,0,0,6.0,1,50.0,0,1,1,5.0,2,2,15.0,200.0,13.0,3.0,7.0,0,1
1,66.0,0,1,3600.0,1,0,0.0,2,20.0,0,0,1,5.0,1,5,6.0,40.0,1.0,1.0,2.0,0,1
0,54.0,1,0,8000.0,0,0,8.0,1,50.0,0,0,1,4.0,2,2,15.0,150.0,1.0,2.0,7.0,0,1
0,50.0,0,0,5000.0,0,1,4.0,2,100.0,0,1,1,4.0,2,2,3.0,230.0,2.0,3.0,5.0,1,1
0,51.0,0,0,5500.0,0,0,5.0,2,50.0,0,0,0,5.0,2,2,20.0,55.0,1.0,2.0,7.0,0,1
1,47.0,0,3,0.0,1,0,0.0,2,20.0,0,0,1,5.0,1,5,1.0,302.0,2.0,1.0,5.0,0,1
0,54.0,1,0,10000.0,3,0,6.0,1,30.0,0,1,1,4.0,2,2,25.0,100.0,1.0,3.0,7.0,1,1
1,22.0,0,2,0.0,0,1,0.0,0,30.0,0,1,1,12.0,1,2,8.0,30.0,1.0,3.0,1.0,0,1
0,48.0,1,0,5500.0,0,0,4.0,1,100.0,0,1,1,2.0,0,10,5.0,50.0,2.0,3.0,4.0,0,0
1,56.0,0,0,8000.0,0,0,5.0,2,20.0,0,0,1,5.0,2,2,20.0,30.0,1.0,3.0,5.0,0,1
0,54.0,0,0,6000.0,3,0,4.0,1,60.0,0,0,1,4.0,2,10,4.0,60.0,132.0,24.0,4.0,0,1
1,50.0,0,1,0.0,0,0,5.0,0,1.0,0,1,0,2.0,1,2,26.0,25.0,1.0,3.0,10.0,0,1
0,50.0,1,0,7000.0,0,0,6.0,1,80.0,0,0,1,3.0,1,2,6.0,70.0,2.0,2.0,7.0,1,1
0,51.0,0,0,8500.0,0,0,3.0,0,120.0,0,0,1,2.0,0,2,10.0,150.0,1.0,2.0,3.0,0,1
1,51.0,0,0,8000.0,0,0,5.0,0,150.0,0,1,1,10.0,2,2,3.0,35.0,1.0,2.0,7.0,0,1
0,58.0,0,0,13000.0,0,0,1.0,2,20.0,0,0,0,2.0,2,5,21.0,90.0,1.0,2.0,3.0,1,1
0,54.0,1,0,10000.0,4,0,4.0,2,30.0,0,1,1,6.0,2,2,15.0,150.0,1.0,1.0,4.0,1,1
0,54.0,1,0,15000.0,0,0,4.0,1,20.0,0,1,1,5.0,1,10,10.0,60.0,1.0,2.0,5.0,0,1
0,55.0,0,1,5000.0,0,0,2.0,0,20.0,0,1,1,5.0,1,14,20.0,60.0,1.0,3.0,2.0,0,1
0,43.0,0,0,7000.0,0,0,4.0,1,60.0,0,0,1,6.0,2,5,21.0,158.0,1.0,3.0,2.0,1,1
0,24.0,1,0,4000.0,0,1,0.0,2,100.0,0,0,1,5.0,2,2,12.0,70.0,1.0,2.0,1.0,0,0
0,47.0,0,0,8500.0,3,0,1.0,2,25.0,0,1,1,2.0,1,5,5.0,100.0,1.0,2.0,4.0,0,1
0,53.0,1,1,4000.0,0,0,2.0,2,10.0,0,0,1,3.0,2,5,8.0,100.0,1.0,2.0,3.0,0,1
0,54.0,1,0,6000.0,0,0,3.0,2,10.0,0,1,0,1.0,1,11,2.0,65.0,1.0,1.0,4.0,0,1
0,60.0,1,1,0.0,1,0,2.0,2,40.0,0,0,1,4.0,1,5,10.0,200.0,4.0,5.0,5.0,1,1
0,46.0,0,0,5900.0,0,0,4.0,0,10.0,0,1,0,8.0,1,2,10.0,40.0,1.0,2.0,6.0,0,1
0,49.0,1,0,4600.0,2,0,3.0,2,28.0,0,1,1,5.0,0,2,6.0,300.0,5.0,5.0,5.0,0,1
0,54.0,1,0,11000.0,3,0,5.0,1,15.0,0,0,1,2.0,2,2,25.0,90.0,1.0,3.0,4.0,1,1
0,33.0,0,0,4000.0,0,0,1.0,1,80.0,0,1,0,7.0,0,11,6.0,63.0,1.0,1.0,1.0,0,0
0,42.0,0,0,6000.0,0,0,5.0,2,50.0,0,0,1,5.0,2,14,6.0,40.0,2.0,3.0,4.0,0,1
0,39.0,1,0,4000.0,2,0,4.0,2,100.0,0,1,1,10.0,2,10,9.0,54.0,1.0,2.0,5.0,0,1
0,54.0,1,0,12500.0,0,0,2.0,1,500.0,0,1,1,6.0,2,11,15.0,400.0,5.0,3.0,3.0,1,1
1,61.0,0,1,0.0,1,0,0.0,2,30.0,0,0,1,1.0,1,5,5.0,50.0,2.0,1.0,2.0,0,0
0,60.0,0,1,14000.0,3,0,1.0,2,3.0,0,1,1,3.0,2,11,10.0,350.0,2.0,2.0,8.0,1,1
0,43.0,0,0,9000.0,1,0,3.0,2,40.0,0,1,1,3.0,2,2,16.0,120.0,2.0,3.0,4.0,1,1
0,59.0,0,0,3000.0,2,0,2.0,2,5.0,0,0,1,20.0,1,5,10.0,120.0,2.0,2.0,3.0,0,1
1,39.0,0,0,5000.0,0,0,4.0,2,40.0,0,1,1,4.0,0,2,2.0,35.0,2.0,2.0,4.0,0,1
0,48.0,0,3,0.0,0,0,0.0,2,50.0,0,1,0,4.0,0,2,7.0,63.0,1.0,1.0,5.0,1,0
0,56.0,0,1,1509.0,2,0,3.0,2,100.0,0,1,1,3.0,2,10,13.0,100.0,1.0,3.0,5.0,1,0
0,45.0,0,0,6000.0,0,0,7.0,2,100.0,1,1,1,8.0,0,11,10.0,300.0,3.0,5.0,3.0,0,1
0,50.0,1,0,5000.0,1,0,4.0,2,30.0,0,1,1,3.0,1,2,33.0,200.0,1.0,3.0,5.0,0,1
0,40.0,1,0,4000.0,1,0,5.0,2,50.0,0,1,1,5.0,1,2,20.0,80.0,2.0,2.0,2.0,1,0
0,41.0,0,0,5000.0,1,0,0.0,2,50.0,0,1,1,24.0,1,14,10.0,80.0,2.0,23.0,4.0,1,1
0,23.0,0,2,0.0,0,1,0.0,2,65.0,0,1,1,8.0,2,2,2.0,40.0,1.0,4.0,3.0,0,1
0,49.0,1,0,10000.0,0,0,3.0,1,15.0,1,1,1,5.0,2,10,10.0,58.3,1.0,1.0,4.0,0,1
0,50.0,0,3,300.0,2,0,0.0,2,70.0,0,0,1,3.0,1,10,5.0,100.0,1.0,2.0,3.0,1,1
1,26.0,1,0,2500.0,0,1,0.0,2,20.0,1,0,1,7.0,1,2,5.0,20.0,1.0,3.0,2.0,0,1
0,52.0,1,0,4000.0,2,0,4.0,2,60.0,0,0,1,3.0,2,2,10.0,190.0,4.0,5.0,4.0,1,0
0,43.0,0,0,4000.0,0,0,5.0,2,150.0,0,0,1,10.0,2,2,14.0,150.0,2.0,3.0,3.0,0,1
1,50.0,0,0,10000.0,0,0,5.0,1,2.0,0,0,1,6.0,1,8,25.0,5.0,1.0,2.0,8.0,0,1
0,31.0,0,0,5000.0,0,0,1.0,2,20.0,0,1,1,18.0,2,2,13.0,120.0,1.0,2.0,5.0,0,1
0,61.0,0,1,2500.0,2,0,1.0,2,30.0,0,1,1,2.0,0,2,5.0,87.0,1.0,1.0,2.0,1,1
1,40.0,1,0,5000.0,1,0,5.0,2,15.0,0,0,1,1.0,1,2,6.0,200.0,2.0,3.0,7.0,0,1
0,45.0,1,0,4000.0,0,0,5.0,2,100.0,0,1,1,3.0,1,2,5.0,130.0,1.0,2.0,6.0,0,1
1,30.0,0,0,1800.0,0,0,0.0,1,35.0,0,0,1,15.0,0,5,6.0,40.0,1.0,2.0,2.0,0,0
0,49.0,1,0,4500.0,2,0,5.0,2,100.0,0,0,1,14.0,1,11,5.0,68.0,1.0,1.0,5.0,0,1
0,102.0,1,2,1700.0,1,1,0.0,0,100.0,0,0,1,7.0,2,5,5.0,200.0,2.0,5.0,6.0,0,1
0,24.0,1,0,10000.0,0,1,0.0,2,60.0,0,1,1,2.0,0,11,5.0,69.0,1.0,3.0,3.0,0,1
0,23.0,1,2,500.0,0,1,0.0,2,40.0,1,1,1,3.0,2,5,2.0,70.0,1.0,2.0,4.0,0,1
0,55.0,1,1,2000.0,2,0,2.0,2,10.0,0,1,1,14.0,2,2,20.0,105.0,1.0,233.0,3.0,0,1
0,40.0,0,0,2000.0,1,0,4.0,1,50.0,0,1,1,6.0,1,2,6.0,90.0,1.0,2.0,2.0,0,1
0,34.0,0,0,10000.0,0,0,3.0,2,20.0,0,1,1,12.0,1,2,8.0,150.0,1.0,4.0,4.0,0,1
0,57.0,1,0,3600.0,2,0,4.0,2,1.0,0,1,1,2.0,0,2,10.0,70.0,2.0,25.0,5.0,1,1
0,37.0,0,0,6500.0,0,0,2.0,2,2.0,0,1,1,5.0,0,10,1.0,100.0,1.0,1.0,3.0,0,1
0,47.0,0,3,8000.0,0,0,5.0,0,30.0,0,1,1,3.0,2,14,10.0,200.0,7.0,7.0,4.0,0,1
0,52.0,1,0,10000.0,0,0,5.0,2,100.0,0,1,1,2.0,0,2,30.0,54.0,1.0,2.0,6.0,1,0
0,38.0,1,0,10000.0,0,0,3.0,1,30.0,0,1,1,5.0,2,2,10.0,300.0,1.0,3.0,2.0,1,1
0,34.0,0,3,0.0,0,0,2.0,0,90.0,1,1,0,6.0,1,2,9.0,40.0,1.0,2.0,4.0,0,0
0,35.0,0,0,3000.0,0,0,0.0,0,20.0,0,1,1,4.0,1,10,10.0,40.0,1.0,1.0,4.0,0,1
0,54.0,1,0,30000.0,0,0,7.0,1,40.0,0,1,1,4.0,0,2,25.0,120.0,1.0,2.0,7.0,0,1
1,47.0,1,0,3800.0,2,0,5.0,2,30.0,0,1,1,2.0,2,10,12.0,50.0,1.0,2.0,4.0,0,1
1,58.0,1,1,5600.0,0,0,4.0,1,38.0,0,1,1,3.0,1,2,15.0,38.0,1.0,2.0,4.0,0,1
0,39.0,0,0,4000.0,0,0,5.0,2,80.0,0,0,1,3.0,2,2,5.0,80.0,1.0,3.0,2.0,0,0
1,32.0,1,0,2000.0,2,0,2.0,0,25.0,1,1,1,1.0,2,2,6.0,25.0,1.0,1.0,4.0,0,1
1,48.0,1,1,3000.0,2,0,4.0,2,40.0,0,1,0,4.0,1,2,5.0,40.0,1.0,1.0,3.0,1,1
1,54.0,0,3,0.0,0,0,1.0,0,20.0,0,0,1,2.0,1,2,30.0,30.0,1.0,2.0,2.0,0,1
0,53.0,0,0,1500.0,2,1,3.0,2,200.0,0,1,0,4.0,2,5,3.0,30.0,1.0,5.0,4.0,0,1
1,40.0,0,0,4000.0,1,0,1.0,2,30.0,0,0,1,2.0,0,2,13.0,35.0,1.0,1.0,3.0,0,1
0,18.0,0,2,0.0,2,1,0.0,0,35.0,0,1,1,7.0,1,14,10.0,350.0,1.0,3.0,4.0,0,1
0,51.0,1,0,9000.0,0,0,4.0,2,15.0,0,1,1,1.0,0,2,28.0,190.0,2.0,3.0,5.0,1,1
1,24.0,1,0,1700.0,0,1,0.0,2,30.0,1,1,1,10.0,2,5,6.0,40.0,1.0,2.0,1.0,0,1
1,42.0,1,0,4000.0,2,0,3.0,2,20.0,1,0,1,3.0,1,2,18.0,25.0,2.0,5.0,2.0,0,1
1,45.0,0,0,2500.0,2,0,6.0,2,15.0,0,1,1,4.0,2,9,6.0,15.0,1.0,3.0,5.0,0,1
1,50.0,1,0,6000.0,0,0,3.0,0,20.0,0,0,0,2.0,1,13,6.0,6.0,2.0,2.0,2.0,0,1
0,38.0,0,0,3000.0,0,1,1.0,2,40.0,1,1,1,4.0,2,5,8.0,80.0,1.0,3.0,1.0,1,0
1,59.0,0,1,2500.0,2,0,3.0,2,30.0,0,1,1,2.0,1,10,5.0,801.0,11.0,1.0,5.0,1,0
0,60.0,1,1,5000.0,2,0,2.0,1,40.0,0,1,1,3.0,2,2,10.0,50.0,2.0,1.0,1.0,0,0
0,53.0,1,0,15000.0,3,0,4.0,1,20.0,0,1,1,10.0,1,2,25.0,70.0,1.0,2.0,5.0,0,1
0,54.0,1,0,18000.0,0,0,6.0,2,10.0,0,0,1,4.0,1,5,2.0,79.0,1.0,4.0,7.0,0,1
0,58.0,0,1,500.0,2,0,1.0,1,20.0,0,1,1,2.0,1,2,15.0,80.0,1.0,1.0,5.0,0,1
0,62.0,0,1,3000.0,1,0,2.0,0,30.0,0,0,1,2.0,1,2,5.0,40.0,1.0,1.0,4.0,0,0
0,38.0,0,0,3000.0,0,0,2.0,2,50.0,0,1,1,6.0,0,14,1.0,30.0,2.0,4.0,3.0,0,0
1,54.0,1,3,18000.0,0,0,9.0,2,20.0,1,1,1,19.0,1,2,15.0,500.0,5.0,3.0,10.0,0,1
1,38.0,0,0,2000.0,1,0,0.0,2,1.0,0,0,1,4.0,1,10,12.0,38.0,1.0,1.0,1.0,0,1
1,53.0,1,0,5000.0,2,0,5.0,2,20.0,0,1,1,2.0,2,10,15.0,40.0,2.0,3.0,6.0,0,1
0,34.0,0,3,1000.0,0,0,2.0,1,150.0,1,1,1,8.0,0,2,10.0,314.0,1.0,4.0,2.0,1,1
0,54.0,1,0,20000.0,3,0,3.0,2,30.0,0,0,1,12.0,1,5,5.0,600.0,2.0,5.0,6.0,1,1
0,57.0,1,0,12000.0,0,0,8.0,1,20.0,0,1,1,8.0,1,2,30.0,200.0,1.0,2.0,10.0,0,1
0,54.0,1,0,20000.0,0,0,6.0,2,50.0,0,1,1,3.0,1,2,30.0,200.0,2.0,4.0,8.0,0,1
0,52.0,1,0,5000.0,3,0,6.0,2,80.0,0,1,1,8.0,0,2,23.0,250.0,3.0,3.0,4.0,0,1
0,52.0,1,0,15000.0,0,0,4.0,2,20.0,1,1,1,2.0,0,2,3.0,200.0,3.0,4.0,5.0,1,1
1,21.0,1,2,430.0,0,1,0.0,2,15.0,1,1,1,15.0,1,7,10.0,40.0,2.0,4.0,12.0,0,1
0,52.0,1,0,3000.0,0,0,4.0,1,20.0,0,1,1,3.0,2,2,6.0,40.0,2.0,2.0,2.0,0,1
0,52.0,1,0,5000.0,2,0,4.0,2,70.0,0,1,1,4.0,2,2,3.0,98.0,1.0,1.0,6.0,0,1
1,48.0,1,0,60000.0,1,0,4.0,2,100.0,0,1,1,10.0,1,0,1.0,25.0,1.0,1.0,4.0,0,1
1,52.0,1,1,0.0,1,1,6.0,2,50.0,0,1,0,8.0,2,1,1.0,25.0,2.0,1.0,7.0,0,1
0,52.0,1,0,5500.0,1,0,5.0,2,100.0,0,0,0,2.0,2,2,10.0,200.0,2.0,1.0,4.0,1,1
0,52.0,1,1,300.0,0,0,3.0,2,20.0,0,0,1,5.0,1,5,20.0,500.0,1.0,1.0,5.0,1,1
0,52.0,1,0,6000.0,0,0,4.0,1,20.0,0,0,1,10.0,2,5,10.0,200.0,2.0,3.0,2.0,0,1
0,51.0,1,0,20000.0,0,0,4.0,2,50.0,0,0,1,3.0,1,2,20.0,160.0,1.0,1.0,6.0,0,1
0,22.0,0,3,500.0,2,0,2.0,1,20.0,0,0,1,4.0,1,5,4.0,40.0,1.0,1.0,4.0,0,0
0,37.0,1,0,7500.0,0,0,4.0,1,50.0,0,0,1,8.0,1,11,10.0,130.0,1.0,3.0,2.0,0,1
0,52.0,1,0,12000.0,0,0,4.0,2,100.0,0,1,1,2.0,2,14,6.0,40.0,2.0,5.0,7.0,0,1
1,51.0,1,0,3000.0,0,0,3.0,1,8.0,0,1,1,2.0,1,5,13.0,85.0,1.0,1.0,2.0,0,1
0,52.0,0,0,14000.0,3,0,3.0,2,100.0,0,1,1,2.0,1,2,20.0,98.0,3.0,4.0,4.0,0,1
0,52.0,1,1,5000.0,0,0,3.0,1,20.0,0,1,1,2.0,0,2,10.0,150.0,1.0,3.0,4.0,0,1
0,50.0,1,0,8000.0,0,0,6.0,2,40.0,0,1,1,2.0,2,2,27.0,80.0,1.0,2.0,4.0,1,1
0,51.0,1,0,2800.0,0,0,7.0,1,20.0,0,1,1,2.0,2,5,13.0,200.0,2.0,3.0,6.0,1,1
1,53.0,1,1,2000.0,0,0,5.0,1,30.0,0,0,1,2.0,2,10,5.0,50.0,1.0,1.0,5.0,0,1
0,52.0,1,0,7000.0,0,0,4.0,1,50.0,0,1,0,4.0,1,2,5.0,300.0,2.0,3.0,4.0,1,1
0,51.0,1,0,10000.0,3,0,3.0,2,20.0,0,1,1,2.0,0,12,5.0,84.0,1.0,2.0,4.0,0,1
0,52.0,1,0,10000.0,1,0,7.0,2,10.0,0,0,1,3.0,2,2,28.0,120.0,5.0,2.0,2.0,1,1
0,51.0,1,0,65000.0,0,0,4.0,1,10.0,0,0,1,3.0,1,2,6.0,220.0,1.0,3.0,4.0,1,1
0,52.0,1,0,10000.0,0,1,0.0,1,50.0,1,0,0,3.0,1,2,30.0,150.0,1.0,2.0,1.0,0,1
0,53.0,1,0,8000.0,4,0,5.0,2,100.0,0,1,1,2.0,1,2,25.0,53.0,1.0,1.0,3.0,1,1
0,52.0,1,3,100000.0,0,0,8.0,1,100.0,0,0,1,4.0,1,2,25.0,180.0,5.0,7.0,16.0,0,1
1,52.0,1,0,2500.0,2,0,2.0,1,20.0,0,1,1,5.0,2,11,8.0,35.0,1.0,3.0,2.0,0,1
1,32.0,1,0,4200.0,1,1,1.0,0,25.0,0,1,1,4.0,1,5,10.0,20.0,1.0,3.0,3.0,0,1
0,52.0,1,1,0.0,0,0,3.0,1,10.0,0,0,1,3.0,1,2,10.0,93.0,1.0,3.0,4.0,0,1
0,52.0,1,0,12000.0,0,0,7.0,1,20.0,0,1,1,3.0,1,2,10.0,100.0,1.0,2.0,5.0,0,1
0,52.0,1,0,40000.0,0,0,5.0,2,20.0,0,0,1,24.0,2,5,28.0,450.0,5.0,6.0,5.0,1,1
0,52.0,1,0,21000.0,0,0,6.0,2,50.0,0,1,0,6.0,1,2,15.0,600.0,4.0,4.0,7.0,1,1
0,52.0,1,0,30000.0,3,0,3.0,2,100.0,0,1,1,4.0,1,5,25.0,300.0,1.0,3.0,2.0,1,1
0,38.0,1,0,2300.0,1,1,4.0,2,100.0,0,1,1,9.0,2,5,5.0,109.0,1.0,1.0,4.0,1,1
0,22.0,0,2,0.0,0,1,0.0,1,50.0,0,1,1,8.0,2,11,10.0,63.0,1.0,3.0,6.0,0,1
1,28.0,1,0,4000.0,1,0,3.0,1,30.0,0,0,1,6.0,2,2,7.0,50.0,4.0,6.0,7.0,0,1
0,22.0,0,2,0.0,1,1,0.0,1,20.0,0,1,1,7.0,0,5,6.0,63.0,1.0,2.0,5.0,0,1
0,49.0,1,0,10000.0,0,0,6.0,2,30.0,0,1,1,3.0,2,5,10.0,99.0,2.0,3.0,4.0,0,1
0,59.0,0,1,2700.0,1,0,0.0,1,5.0,0,1,1,5.0,1,14,17.0,60.0,1.0,1.0,4.0,0,1
0,52.0,1,0,20000.0,3,0,6.0,1,60.0,0,1,1,4.0,2,5,20.0,300.0,1.0,2.0,3.0,1,1
0,52.0,1,0,1.0,0,0,3.0,2,10.0,0,1,1,5.0,1,2,5.0,89.0,1.0,3.0,3.0,0,1
0,52.0,1,0,15000.0,0,0,3.0,2,15.0,0,1,0,3.0,0,2,15.0,120.0,1.0,1.0,4.0,0,1
0,52.0,1,0,15000.0,0,0,6.0,2,30.0,0,1,1,12.0,2,5,10.0,250.0,1.0,3.0,3.0,1,1
0,21.0,0,2,1000.0,0,1,1.0,0,20.0,0,1,1,4.0,0,2,4.0,45.0,2.0,5.0,2.0,0,1
0,52.0,1,0,5000.0,0,0,5.0,1,10.0,0,0,1,3.0,2,5,28.0,200.0,3.0,3.0,7.0,0,1
1,21.0,0,2,530.0,0,1,0.0,2,30.0,0,1,1,24.0,2,2,10.0,35.0,1.0,2.0,4.0,0,0
0,51.0,1,0,3000.0,0,0,3.0,2,20.0,0,1,1,2.0,0,10,2.0,48.0,1.0,2.0,3.0,0,1
0,23.0,0,2,0.0,0,1,0.0,2,50.0,1,1,1,7.0,0,5,4.0,150.0,1.0,3.0,4.0,0,1
1,22.0,0,2,5200.0,3,1,0.0,1,40.0,0,1,1,7.0,0,3,2.0,100.0,2.0,3.0,1.0,0,1
1,22.0,1,2,5000.0,2,1,0.0,2,60.0,0,1,1,5.0,2,10,5.0,30.0,2.0,4.0,2.0,0,1
0,45.0,1,0,5000.0,0,0,5.0,2,20.0,0,1,1,2.0,2,2,20.0,150.0,2.0,4.0,5.0,1,1
0,25.0,1,2,500.0,0,1,0.0,2,30.0,1,1,1,1.0,2,11,4.0,69.0,2.0,4.0,5.0,0,1
0,23.0,0,2,1000.0,0,1,0.0,1,40.0,1,1,1,3.0,0,5,4.0,109.0,2.0,3.0,2.0,0,0
1,21.0,0,2,0.0,0,1,0.0,2,10000000000000.0,0,0,0,20.0,0,5,3.0,40.0,2.0,2.0,7.0,0,1
1,22.0,1,0,2100.0,1,1,2.0,2,50.0,1,0,0,6.0,1,5,8.0,35.0,1.0,4.0,2.0,0,1
1,19.0,0,2,0.0,1,1,0.0,1,30.0,0,1,1,6.0,2,10,5.0,35.0,1.0,3.0,4.0,1,1
1,48.0,0,0,7000.0,0,0,4.0,1,30.0,0,1,1,5.0,0,10,6.0,30.0,1.0,2.0,1.0,0,1
1,18.0,0,3,0.0,2,1,0.0,2,25.0,0,1,1,10.0,1,2,1.0,50.0,1.0,2.0,6.0,0,1
0,50.0,0,1,0.0,0,0,4.0,1,20.0,0,0,1,2.0,1,2,20.0,50.0,1.0,2.0,2.0,1,1
0,25.0,1,0,1.0,0,1,3.0,1,40.0,0,0,0,2.0,0,10,6.0,50.0,2.0,3.0,7.0,0,0
0,51.0,0,0,5000.0,0,0,10.0,0,50.0,0,1,1,4.0,2,14,6.0,150.0,5.0,5.0,11.0,1,1
1,21.0,1,2,0.0,1,1,0.0,2,20.0,1,1,1,3.0,0,10,7.0,30.0,2.0,4.0,3.0,0,1
1,21.0,0,2,400.0,1,1,0.0,0,20.0,0,1,1,6.0,1,10,4.0,30.0,1.0,2.0,6.0,0,1
1,21.0,0,2,0.0,0,1,0.0,1,10.0,0,1,1,4.0,2,10,5.0,35.0,1.0,2.0,7.0,1,1
0,58.0,0,1,2000.0,1,0,0.0,1,100.0,0,1,1,12.0,1,5,25.0,139.0,1.0,1.0,5.0,0,1
0,59.0,1,1,8000.0,1,0,6.0,0,10.0,0,1,1,3.0,1,11,5.0,103.0,2.0,2.0,6.0,0,1
0,23.0,0,3,4322.0,2,0,7.0,0,67.0,1,1,1,3.0,0,5,45.0,23.0,1.0,6.0,3.0,0,0
0,43.0,1,3,67778.0,2,0,4.0,1,98.0,1,1,0,6.0,1,2,4.0,75.0,3.0,6.0,3.0,0,0
1,18.0,1,2,250.0,2,1,0.0,1,30.0,1,1,1,4.0,1,2,3.0,45.0,1.0,3.0,1.0,0,1
0,25.0,0,0,3500.0,0,1,0.0,2,60.0,1,1,1,5.0,2,5,6.0,90.0,1.0,5.0,2.0,1,1
1,22.0,0,3,2400.0,0,0,2.0,2,30.0,1,1,1,3.0,1,2,5.0,50.0,1.0,2.0,2.0,1,1
1,22.0,1,2,700.0,0,1,0.0,1,20.0,1,1,1,5.0,1,10,3.0,30.0,1.0,2.0,1.0,0,0
0,29.0,0,0,3500.0,0,0,2.0,0,50.0,0,0,1,2.0,0,5,10.0,109.0,2.0,4.0,2.0,1,0
0,54.0,1,0,10000.0,0,0,2.0,2,60.0,0,1,1,4.0,1,11,10.0,65.0,2.0,4.0,4.0,1,1
0,47.0,0,0,4000.0,2,0,4.0,2,20.0,0,1,1,8.0,1,2,10.0,275.0,3.0,2.0,6.0,0,1
0,23.0,0,2,0.0,0,1,0.0,0,30.0,1,1,1,8.0,2,2,6.0,98.0,1.0,4.0,4.0,1,1
0,21.0,0,2,0.0,0,1,0.0,2,40.0,0,1,1,4.0,2,2,3.0,65.0,2.0,4.0,4.0,0,1
0,59.0,1,0,20000.0,3,0,5.0,2,100.0,0,1,0,5.0,0,5,20.0,300.0,3.0,4.0,4.0,0,1
1,59.0,1,1,5000.0,1,0,4.0,2,58.0,0,0,1,8.0,2,2,10.0,58.0,1.0,2.0,5.0,0,1
1,28.0,0,0,4000.0,0,1,0.0,2,40.0,1,1,1,8.0,1,9,5.0,50.0,1.0,3.0,9.0,0,1
0,24.0,1,0,0.0,0,1,5.0,2,60.0,1,1,1,2.0,0,2,6.0,100.0,1.0,4.0,6.0,0,1
0,32.0,0,0,0.0,3,1,0.0,2,50.0,0,1,1,2.0,1,5,13.0,85.0,1.0,3.0,1.0,0,1
1,17.0,1,2,0.0,2,1,0.0,2,30.0,1,1,0,6.0,1,2,2.0,30.0,1.0,2.0,3.0,0,1
1,21.0,1,0,2000.0,1,1,0.0,2,40.0,1,0,0,7.0,2,5,7.0,60.0,1.0,4.0,6.0,1,1
1,18.0,0,0,1500.0,2,1,0.0,2,30.0,0,1,1,8.0,1,2,6.0,30.0,1.0,2.0,7.0,1,1
1,20.0,0,2,0.0,1,1,0.0,1,30.0,0,0,0,4.0,2,10,6.0,30.0,1.0,3.0,3.0,0,1
1,17.0,1,2,0.0,2,1,0.0,1,30.0,1,0,0,5.0,1,10,3.0,15.0,1.0,2.0,4.0,0,1
1,18.0,0,2,0.0,2,1,0.0,2,20.0,0,0,1,6.0,1,2,4.0,25.0,1.0,2.0,5.0,0,1
1,25.0,1,0,3100.0,1,1,1.0,1,30.0,0,1,0,6.0,2,10,8.0,40.0,2.0,3.0,1.0,0,1
1,17.0,0,2,0.0,2,1,0.0,0,15.0,0,0,1,8.0,1,9,1.0,20.0,1.0,1.0,5.0,0,1
1,22.0,1,0,2000.0,1,1,0.0,2,30.0,1,1,1,3.0,2,10,3.0,40.0,1.0,2.0,5.0,0,1
1,20.0,0,2,0.0,1,1,0.0,1,30.0,0,1,1,9.0,2,10,4.0,40.0,2.0,3.0,6.0,1,1
0,28.0,1,0,4500.0,0,1,0.0,1,10.0,0,1,1,5.0,1,5,2.0,20.0,3.0,3.0,2.0,1,1
1,18.0,0,2,0.0,2,1,0.0,2,30.0,1,1,1,9.0,0,2,5.0,60.0,1.0,3.0,3.0,1,1
1,23.0,0,0,1500.0,1,1,0.0,2,80.0,0,1,1,8.0,2,10,2.0,38.0,1.0,5.0,4.0,0,1
1,22.0,1,0,2700.0,1,1,0.0,2,20.0,1,0,0,5.0,1,2,8.0,30.0,1.0,4.0,7.0,0,1
1,21.0,1,0,2200.0,1,1,0.0,2,20.0,1,1,0,3.0,2,2,5.0,20.0,1.0,2.0,5.0,0,1
1,25.0,1,2,1000.0,0,1,0.0,1,60.0,1,1,1,10.0,2,2,3.0,50.0,2.0,4.0,2.0,0,1
1,22.0,1,2,0.0,1,1,0.0,1,10.0,0,1,1,3.0,0,2,2.0,25.0,1.0,1.0,1.0,0,0
1,26.0,0,3,0.0,0,0,1.0,1,5.0,0,1,1,2.0,1,10,5.0,50.0,1.0,2.0,2.0,0,0
1,30.0,1,0,3500.0,0,0,3.0,2,10.0,0,1,0,2.0,1,5,4.0,60.0,2.0,3.0,4.0,1,1
1,25.0,0,0,4000.0,0,1,0.0,2,30.0,0,1,1,6.0,2,10,2.0,40.0,2.0,3.0,2.0,0,1
1,40.0,0,0,6400.0,0,0,4.0,2,10.0,0,0,1,4.0,1,5,6.0,89.0,1.0,2.0,3.0,1,1
1,32.0,1,0,5500.0,0,0,2.0,1,30.0,1,1,1,5.0,2,10,4.0,60.0,2.0,3.0,3.0,0,0
1,20.0,0,2,0.0,1,1,0.0,2,35.0,0,1,1,6.0,2,11,2.0,40.0,1.0,2.0,4.0,0,1
1,24.0,1,0,3000.0,0,1,0.0,1,40.0,1,0,1,7.0,2,14,4.0,55.0,1.0,3.0,1.0,0,0
1,29.0,1,0,4560.0,0,0,2.0,2,20.0,0,1,1,4.0,1,5,3.0,60.0,1.0,3.0,2.0,1,1
1,19.0,0,2,0.0,1,1,0.0,1,10.0,0,0,1,11.0,1,2,2.0,10.0,1.0,1.0,6.0,0,1
1,26.0,1,0,2000.0,0,0,0.0,1,40.0,1,1,1,2.0,1,10,6.0,50.0,3.0,4.0,4.0,0,0
1,45.0,1,3,6000.0,0,1,3.0,2,50.0,1,0,1,5.0,1,2,3.0,50.0,2.0,3.0,4.0,0,0
1,22.0,1,2,300.0,0,1,0.0,1,100.0,1,1,1,7.0,2,10,2.0,30.0,1.0,2.0,3.0,0,1
1,45.0,0,0,4567.0,3,0,4.0,2,30.0,0,0,0,1.0,1,5,3.0,3.0,2.0,2.0,3.0,1,1
1,23.0,1,3,4678.0,0,0,4.0,1,40.0,1,0,1,4.0,0,9,4.0,46.0,1.0,2.0,1.0,1,0
1,12.0,0,0,5000.0,3,1,4.0,1,40.0,1,0,0,4.0,2,5,5.0,45.0,1.0,3.0,4.0,0,0
1,37.0,1,0,5000.0,0,0,4.0,2,80.0,0,0,1,5.0,1,5,10.0,98.0,1.0,3.0,2.0,0,1
1,26.0,1,0,6000.0,3,1,3.0,2,50.0,0,1,1,4.0,2,10,3.0,60.0,1.0,3.0,3.0,0,1
1,21.0,0,3,3000.0,3,0,3.0,2,30.0,0,1,1,5.0,1,5,4.0,50.0,2.0,2.0,4.0,0,1
1,30.0,0,0,6000.0,0,0,4.0,2,10.0,0,0,1,5.0,1,14,2.0,45.0,1.0,2.0,3.0,1,0
1,45.0,1,3,10000.0,4,0,4.0,2,40.0,0,1,1,3.0,2,2,5.0,80.0,1.0,4.0,3.0,0,1
1,30.0,0,0,8000.0,3,0,1.0,1,20.0,1,1,1,3.0,1,9,2.0,20.0,1.0,2.0,3.0,1,1
1,55.0,0,1,13000.0,4,0,5.0,2,35.0,0,1,1,4.0,2,5,4.0,80.0,2.0,2.0,3.0,0,1
1,48.0,1,0,8000.0,0,0,5.0,2,50.0,0,0,1,4.0,1,2,15.0,60.0,2.0,4.0,3.0,1,1
1,20.0,0,2,0.0,1,1,0.0,1,50.0,0,1,1,5.0,0,2,2.0,50.0,1.0,3.0,10.0,0,1
1,20.0,0,2,100.0,1,1,0.0,2,40.0,1,1,1,3.0,2,10,3.0,35.0,1.0,3.0,2.0,0,0
1,58.0,0,1,6000.0,0,0,6.0,0,70.0,0,0,0,5.0,0,11,4.0,38.0,2.0,3.0,4.0,0,1
1,34.0,0,0,4000.0,3,1,1.0,2,35.0,1,1,1,4.0,1,5,3.0,40.0,1.0,3.0,1.0,0,1
1,22.0,0,0,3090.0,1,1,0.0,2,80.0,1,1,1,6.0,0,13,2.0,50.0,1.0,3.0,1.0,0,0
1,69.0,0,1,3000.0,0,0,4.0,0,40.0,0,0,1,4.0,1,5,12.0,40.0,1.0,3.0,4.0,0,1
1,50.0,1,1,4000.0,0,0,2.0,2,30.0,0,1,0,4.0,1,14,25.0,40.0,2.0,2.0,4.0,0,0
1,23.0,1,2,2500.0,0,1,1.0,2,50.0,1,1,1,7.0,2,2,5.0,35.0,2.0,4.0,8.0,0,1
1,30.0,1,0,2000.0,1,1,0.0,0,10.0,0,0,1,4.0,2,14,2.0,30.0,1.0,2.0,2.0,0,0
1,24.0,1,2,2000.0,0,1,0.0,2,45.0,1,1,1,6.0,1,10,4.0,30.0,1.0,3.0,5.0,0,1
1,34.0,0,0,5000.0,0,0,3.0,2,20.0,1,0,1,3.0,1,5,3.0,40.0,1.0,2.0,3.0,0,1
1,25.0,1,0,3000.0,0,0,1.0,2,60.0,1,1,1,8.0,1,2,3.0,35.0,1.0,3.0,4.0,0,1
1,21.0,1,2,100.0,0,1,0.0,2,30.0,1,1,1,6.0,1,2,5.0,35.0,1.0,4.0,4.0,0,1
1,20.0,1,2,200.0,3,1,0.0,1,10.0,0,0,1,2.0,2,11,3.0,36.0,1.0,2.0,1.0,0,0
1,22.0,0,2,200.0,0,1,0.0,1,30.0,0,1,0,2.0,1,9,3.0,45.0,1.0,3.0,1.0,0,1
1,22.0,1,2,0.0,0,1,0.0,2,50.0,1,1,1,8.0,1,2,3.0,35.0,1.0,3.0,8.0,1,1
1,26.0,1,0,8500.0,3,1,1.0,2,45.0,0,1,1,3.0,1,14,3.0,50.0,1.0,2.0,1.0,0,1
1,35.0,1,0,6000.0,0,0,3.0,2,30.0,0,1,1,6.0,1,5,5.0,80.0,1.0,3.0,2.0,0,1
1,23.0,1,2,0.0,0,1,0.0,2,30.0,1,1,1,5.0,1,2,7.0,35.0,2.0,3.0,8.0,0,1
1,23.0,1,2,0.0,0,1,3.0,2,20.0,0,1,1,3.0,1,2,4.0,35.0,2.0,4.0,3.0,0,1
1,20.0,1,2,0.0,1,1,0.0,2,25.0,1,1,1,8.0,1,2,4.0,35.0,1.0,2.0,4.0,0,1
1,20.0,1,2,0.0,1,1,0.0,2,20.0,1,1,1,4.0,1,2,4.0,35.0,1.0,4.0,5.0,0,1
1,22.0,1,2,0.0,1,1,0.0,2,20.0,1,1,1,4.0,1,10,4.0,30.0,1.0,3.0,7.0,0,1
1,25.0,0,0,3000.0,0,1,0.0,1,10.0,0,1,1,6.0,1,5,2.0,50.0,1.0,2.0,2.0,0,1
1,23.0,1,2,0.0,0,1,0.0,2,30.0,1,1,1,7.0,1,2,3.0,50.0,1.0,3.0,2.0,0,1
1,26.0,0,0,4000.0,0,0,1.0,2,10.0,0,1,1,4.0,1,5,2.0,20.0,2.0,4.0,2.0,1,0
1,32.0,1,0,5500.0,0,0,2.0,1,25.0,1,1,0,3.0,2,10,2.0,30.0,2.0,2.0,3.0,0,1
1,23.0,0,2,0.0,0,1,0.0,1,25.0,0,1,1,6.0,2,5,2.0,35.0,1.0,3.0,5.0,0,1
1,21.0,1,2,0.0,0,1,0.0,2,30.0,1,1,1,5.0,1,2,2.0,40.0,1.0,2.0,3.0,1,1
1,21.0,1,0,2500.0,1,1,0.0,2,24.0,1,0,1,5.0,2,10,3.0,35.0,1.0,3.0,3.0,1,1
1,26.0,0,0,5540.0,0,1,0.0,1,40.0,0,1,1,5.0,1,5,5.0,60.0,2.0,2.0,5.0,0,1
1,28.0,1,0,5700.0,0,0,2.0,2,15.0,0,1,1,4.0,2,2,3.0,50.0,1.0,3.0,3.0,0,0
1,19.0,0,2,0.0,1,1,0.0,0,10.0,0,1,0,12.0,1,5,4.0,10.0,1.0,2.0,6.0,0,1
1,24.0,1,2,0.0,0,1,0.0,2,40.0,1,1,1,6.0,2,10,2.0,25.0,1.0,3.0,6.0,0,1
1,25.0,1,0,4000.0,0,1,0.0,2,30.0,1,0,1,4.0,0,2,3.0,30.0,1.0,3.0,3.0,0,1
1,23.0,0,2,0.0,0,1,0.0,1,25.0,0,0,1,3.0,1,5,4.0,40.0,1.0,2.0,2.0,0,0
1,25.0,1,0,3500.0,0,1,1.0,1,40.0,1,1,1,6.0,2,2,1.0,30.0,1.0,3.0,1.0,0,1
1,24.0,1,2,0.0,0,1,0.0,2,35.0,1,1,1,5.0,1,10,2.0,40.0,1.0,3.0,1.0,0,1
1,15.0,1,2,0.0,2,1,0.0,2,15.0,1,1,0,8.0,2,5,2.0,20.0,1.0,1.0,4.0,0,1
1,16.0,1,2,0.0,2,1,0.0,2,15.0,0,1,1,5.0,1,2,2.0,20.0,1.0,2.0,4.0,0,1
1,23.0,0,0,2400.0,1,1,0.0,2,40.0,1,0,1,5.0,1,2,8.0,30.0,2.0,4.0,1.0,0,1
1,26.0,1,0,3400.0,0,0,2.0,2,30.0,0,0,0,4.0,2,2,10.0,40.0,2.0,4.0,2.0,0,1
1,21.0,0,2,0.0,1,1,0.0,0,30.0,1,1,0,12.0,2,2,7.0,30.0,2.0,4.0,5.0,0,1
1,22.0,1,0,2000.0,1,1,0.0,1,30.0,1,0,0,7.0,2,13,10.0,40.0,1.0,3.0,2.0,0,1
1,25.0,0,2,0.0,4,1,5.0,0,71.0,0,1,0,15.0,2,13,10.0,17.0,3.0,2.0,3.0,0,1
1,42.0,0,3,0.0,1,0,5.0,0,82.0,0,1,0,14.0,2,14,5.0,56.0,3.0,4.0,3.0,0,1
1,56.0,0,3,0.0,0,0,6.0,1,35.0,0,1,1,3.0,1,2,2.0,155.0,1.0,4.0,4.0,0,0
1,52.0,1,3,0.0,1,0,4.0,1,75.0,1,0,1,10.0,2,9,9.0,89.0,2.0,3.0,3.0,0,0
1,56.0,1,0,24365.0,4,0,0.0,2,82.0,1,1,1,8.0,1,5,5.0,60.0,1.0,4.0,3.0,0,1
1,59.0,0,3,0.0,3,0,5.0,0,82.0,0,1,1,5.0,1,11,1.0,181.0,2.0,4.0,4.0,1,1
1,21.0,0,2,0.0,0,0,4.0,2,49.0,0,1,1,5.0,2,5,4.0,111.0,3.0,4.0,2.0,1,1
1,37.0,0,0,8869.0,1,0,3.0,0,26.0,1,1,1,12.0,2,5,8.0,132.0,4.0,3.0,4.0,1,0
1,68.0,1,1,0.0,3,0,3.0,0,10.0,1,1,0,9.0,0,10,5.0,33.0,2.0,3.0,1.0,1,1
1,47.0,0,0,11026.0,4,0,2.0,0,98.0,0,1,1,5.0,1,5,1.0,109.0,1.0,3.0,6.0,1,0
1,58.0,0,1,0.0,1,0,5.0,2,70.0,1,0,0,14.0,2,11,7.0,80.0,3.0,3.0,5.0,0,0
1,20.0,1,2,0.0,0,1,1.0,1,52.0,1,1,1,16.0,2,11,7.0,154.0,3.0,1.0,6.0,1,0
1,27.0,1,0,3334.0,1,1,5.0,1,51.0,1,1,1,7.0,1,11,10.0,118.0,4.0,3.0,6.0,0,1
1,62.0,1,1,0.0,4,0,4.0,1,34.0,0,1,1,6.0,2,13,1.0,181.0,4.0,5.0,5.0,1,0
1,59.0,0,1,0.0,3,0,6.0,1,48.0,0,1,0,4.0,1,13,10.0,39.0,4.0,3.0,5.0,0,0
1,31.0,1,0,5608.0,0,0,4.0,1,44.0,1,1,0,14.0,0,5,4.0,84.0,1.0,4.0,5.0,0,0
1,55.0,0,1,0.0,1,0,1.0,1,12.0,0,0,1,15.0,1,14,10.0,37.0,3.0,1.0,3.0,0,1
1,49.0,1,0,18423.0,1,0,0.0,1,53.0,1,1,1,11.0,2,11,1.0,137.0,3.0,3.0,4.0,1,1
1,43.0,1,0,15243.0,1,0,2.0,0,60.0,1,0,1,12.0,1,14,1.0,194.0,4.0,1.0,2.0,0,0
1,62.0,1,1,0.0,1,0,3.0,1,21.0,0,0,1,3.0,0,2,2.0,180.0,2.0,1.0,5.0,0,1
1,54.0,0,0,40630.0,1,0,1.0,2,28.0,0,1,0,10.0,2,13,9.0,110.0,1.0,3.0,1.0,0,0
1,20.0,1,2,0.0,0,1,0.0,2,53.0,0,1,1,11.0,2,14,7.0,160.0,3.0,5.0,1.0,1,1
1,44.0,1,3,0.0,1,0,0.0,2,68.0,0,1,1,10.0,1,9,4.0,173.0,3.0,5.0,1.0,0,1
1,56.0,1,1,0.0,4,0,4.0,1,58.0,1,1,1,2.0,2,11,7.0,169.0,1.0,5.0,2.0,1,1
1,18.0,1,2,0.0,2,0,6.0,2,70.0,1,1,0,11.0,1,10,4.0,25.0,4.0,5.0,2.0,0,1
1,27.0,0,0,4515.0,4,1,6.0,1,26.0,1,1,1,4.0,0,2,1.0,120.0,1.0,1.0,4.0,0,0
1,68.0,1,1,0.0,1,0,4.0,0,83.0,1,1,1,9.0,1,2,8.0,36.0,1.0,3.0,6.0,0,1
1,58.0,1,3,0.0,0,0,3.0,2,66.0,1,1,1,7.0,1,11,3.0,157.0,2.0,4.0,2.0,1,1
1,60.0,0,1,0.0,3,0,1.0,2,64.0,0,0,1,6.0,1,11,1.0,48.0,4.0,2.0,4.0,1,0
1,60.0,1,1,0.0,4,0,4.0,1,56.0,1,1,1,6.0,2,5,8.0,62.0,3.0,5.0,1.0,0,1
1,68.0,0,1,0.0,1,0,3.0,2,21.0,0,0,1,7.0,2,13,0.0,124.0,4.0,3.0,4.0,0,1
1,23.0,0,2,0.0,3,0,1.0,0,71.0,0,1,0,16.0,1,14,8.0,75.0,3.0,5.0,2.0,0,1
1,60.0,0,0,29491.0,4,0,0.0,2,89.0,0,1,1,8.0,2,11,1.0,104.0,1.0,5.0,6.0,1,0
1,34.0,0,3,0.0,0,1,3.0,2,97.0,1,1,0,2.0,2,13,5.0,169.0,2.0,1.0,5.0,0,1
1,21.0,0,2,0.0,0,1,0.0,0,92.0,1,1,0,10.0,2,2,0.0,52.0,1.0,2.0,4.0,0,0
1,56.0,0,1,0.0,1,0,0.0,2,17.0,1,0,1,4.0,2,11,4.0,68.0,2.0,3.0,4.0,1,1
1,53.0,0,0,30788.0,1,0,5.0,2,30.0,1,0,1,5.0,2,2,8.0,111.0,4.0,4.0,4.0,1,1
1,50.0,1,0,25105.0,4,0,5.0,0,90.0,0,0,0,11.0,2,10,10.0,119.0,4.0,2.0,5.0,0,1
1,63.0,0,1,0.0,1,0,0.0,0,96.0,1,1,1,2.0,1,2,0.0,84.0,1.0,2.0,4.0,1,0
1,62.0,0,1,0.0,1,0,3.0,1,89.0,1,1,1,14.0,1,14,1.0,177.0,4.0,4.0,3.0,1,1
1,46.0,0,0,16690.0,4,0,2.0,0,79.0,0,0,1,12.0,0,9,0.0,181.0,1.0,5.0,3.0,0,1
1,21.0,1,3,0.0,0,0,1.0,2,81.0,1,0,1,11.0,0,9,4.0,15.0,4.0,4.0,6.0,1,0
1,68.0,1,1,0.0,3,0,3.0,1,34.0,0,0,0,4.0,1,13,1.0,71.0,1.0,1.0,4.0,1,1
1,70.0,1,1,0.0,0,0,4.0,1,91.0,0,1,1,3.0,1,10,10.0,146.0,1.0,5.0,4.0,0,1
1,34.0,1,0,6668.0,1,1,6.0,1,98.0,0,1,1,3.0,2,2,5.0,136.0,3.0,3.0,3.0,0,0
1,65.0,0,1,0.0,0,0,0.0,2,21.0,1,0,1,15.0,2,10,10.0,159.0,3.0,4.0,2.0,0,0
1,43.0,0,3,0.0,1,0,3.0,2,24.0,1,1,1,2.0,1,9,3.0,38.0,3.0,4.0,5.0,1,1
1,27.0,1,3,0.0,4,0,3.0,1,68.0,0,0,1,9.0,1,10,7.0,35.0,3.0,4.0,6.0,1,1
1,28.0,1,0,3362.0,4,0,4.0,0,35.0,1,0,1,4.0,2,2,1.0,172.0,1.0,5.0,6.0,1,1
1,55.0,0,3,0.0,0,0,3.0,0,35.0,0,1,1,17.0,2,13,2.0,50.0,2.0,2.0,6.0,0,1
1,21.0,1,2,0.0,0,0,5.0,0,56.0,0,0,1,4.0,1,9,9.0,107.0,4.0,5.0,6.0,1,1
1,19.0,0,2,0.0,2,0,6.0,1,41.0,0,0,1,7.0,1,14,0.0,76.0,2.0,2.0,6.0,0,0
1,37.0,1,3,0.0,4,0,5.0,0,19.0,1,1,1,14.0,1,11,1.0,164.0,1.0,5.0,6.0,0,0
1,22.0,1,2,0.0,3,0,5.0,0,25.0,1,0,0,9.0,2,13,10.0,136.0,4.0,4.0,1.0,0,1
1,60.0,0,0,27321.0,4,0,1.0,0,80.0,0,1,1,14.0,1,14,5.0,50.0,1.0,1.0,5.0,0,1
1,55.0,1,0,40715.0,1,0,4.0,2,26.0,1,0,1,16.0,1,14,8.0,52.0,4.0,3.0,2.0,1,1
1,31.0,0,0,8867.0,1,0,3.0,2,32.0,1,1,0,10.0,2,14,2.0,185.0,1.0,4.0,2.0,1,0
1,35.0,1,3,0.0,0,0,4.0,1,35.0,1,0,1,10.0,1,2,0.0,12.0,2.0,5.0,4.0,0,1
1,59.0,1,1,0.0,0,0,6.0,1,94.0,0,1,1,5.0,2,2,3.0,40.0,1.0,3.0,6.0,1,1
1,58.0,1,1,0.0,1,0,0.0,2,95.0,0,1,1,15.0,1,5,5.0,170.0,1.0,5.0,2.0,0,0
1,25.0,1,0,2647.0,4,1,2.0,1,16.0,1,0,1,6.0,1,14,0.0,94.0,2.0,2.0,1.0,0,1
1,45.0,0,0,15678.0,1,0,2.0,1,23.0,1,1,1,3.0,1,11,7.0,19.0,2.0,4.0,3.0,0,1
1,49.0,1,0,17861.0,1,0,1.0,1,88.0,0,1,1,12.0,2,14,3.0,65.0,2.0,2.0,2.0,1,0
1,60.0,0,1,0.0,4,0,6.0,1,16.0,0,0,1,10.0,0,13,1.0,49.0,1.0,2.0,3.0,0,1
1,69.0,1,1,0.0,4,0,4.0,0,18.0,1,0,1,9.0,0,2,3.0,133.0,2.0,3.0,5.0,1,0
1,43.0,1,3,0.0,1,0,0.0,2,57.0,1,1,1,4.0,1,14,0.0,61.0,4.0,2.0,6.0,1,1
1,20.0,0,2,0.0,0,1,3.0,2,81.0,0,1,1,12.0,2,9,10.0,148.0,1.0,3.0,4.0,0,1
1,40.0,1,0,14160.0,1,1,2.0,2,68.0,0,1,1,13.0,1,14,8.0,24.0,4.0,1.0,2.0,0,1
1,20.0,1,2,0.0,0,1,0.0,1,96.0,0,1,1,14.0,1,2,5.0,190.0,3.0,2.0,5.0,1,1
1,19.0,1,2,0.0,1,0,6.0,2,91.0,0,1,1,10.0,0,9,8.0,175.0,1.0,4.0,2.0,1,0
1,56.0,0,1,0.0,1,0,1.0,2,48.0,1,1,0,4.0,1,13,9.0,150.0,4.0,1.0,3.0,0,1
1,56.0,1,1,0.0,1,0,6.0,2,27.0,1,0,1,10.0,1,5,9.0,180.0,4.0,1.0,5.0,1,1
1,68.0,1,1,0.0,3,0,2.0,2,68.0,0,0,1,3.0,1,9,7.0,169.0,2.0,5.0,1.0,1,0
1,63.0,1,1,0.0,1,0,1.0,1,26.0,0,0,1,13.0,1,5,10.0,114.0,4.0,2.0,2.0,0,1
1,60.0,1,1,0.0,4,0,0.0,0,23.0,0,1,1,11.0,1,10,3.0,72.0,3.0,3.0,1.0,0,0
1,58.0,0,0,38253.0,3,0,6.0,2,40.0,0,1,1,10.0,2,11,5.0,40.0,3.0,1.0,5.0,0,0
1,27.0,1,3,0.0,4,1,4.0,0,33.0,1,1,0,16.0,2,10,3.0,82.0,2.0,5.0,2.0,0,1
1,57.0,1,1,0.0,1,0,6.0,2,69.0,1,1,0,9.0,0,5,9.0,130.0,3.0,3.0,1.0,0,0
1,58.0,0,3,0.0,4,0,3.0,1,54.0,0,1,1,10.0,0,2,9.0,79.0,1.0,2.0,2.0,0,1
1,28.0,0,3,0.0,4,0,6.0,1,12.0,0,0,0,6.0,1,11,2.0,62.0,2.0,5.0,5.0,1,0
1,25.0,0,2,0.0,3,1,6.0,1,46.0,0,1,1,12.0,1,5,10.0,133.0,2.0,1.0,3.0,0,1
1,55.0,0,3,0.0,0,0,1.0,1,52.0,0,1,1,12.0,1,5,10.0,28.0,4.0,5.0,4.0,1,1
1,22.0,0,0,2986.0,3,0,4.0,2,49.0,0,1,1,3.0,2,13,0.0,137.0,4.0,5.0,3.0,1,1
1,49.0,1,3,0.0,0,0,3.0,2,99.0,1,0,0,9.0,1,5,2.0,190.0,4.0,5.0,3.0,0,0
1,24.0,1,0,2869.0,2,1,5.0,1,64.0,1,1,1,13.0,2,2,7.0,86.0,1.0,4.0,2.0,0,0
1,65.0,0,1,0.0,4,0,4.0,1,96.0,1,1,1,16.0,2,5,1.0,31.0,2.0,1.0,2.0,0,1
1,23.0,0,2,0.0,0,1,0.0,1,48.0,1,1,1,7.0,2,10,2.0,98.0,3.0,2.0,4.0,1,0
1,26.0,0,3,0.0,0,1,2.0,0,24.0,1,0,1,9.0,2,10,10.0,112.0,3.0,4.0,1.0,1,1
1,25.0,0,2,0.0,1,0,0.0,2,13.0,1,1,1,12.0,1,14,5.0,52.0,2.0,3.0,1.0,0,1
1,43.0,0,0,11591.0,0,0,3.0,1,95.0,1,0,1,6.0,0,13,3.0,110.0,4.0,5.0,6.0,0,0
1,48.0,1,3,0.0,3,0,1.0,0,34.0,1,0,1,17.0,2,14,8.0,87.0,2.0,1.0,1.0,0,0
1,69.0,0,1,0.0,1,0,5.0,2,22.0,1,1,1,11.0,1,14,8.0,172.0,2.0,1.0,4.0,1,0
1,23.0,0,3,0.0,2,1,4.0,1,91.0,1,1,1,3.0,0,9,3.0,70.0,2.0,1.0,2.0,1,1
1,18.0,0,2,0.0,1,0,2.0,0,42.0,1,0,1,7.0,2,10,6.0,132.0,4.0,2.0,2.0,1,0
1,22.0,0,3,0.0,3,1,2.0,2,25.0,0,1,1,6.0,0,14,5.0,103.0,4.0,5.0,5.0,1,1
1,33.0,1,3,0.0,1,0,4.0,1,51.0,1,1,1,13.0,2,5,6.0,159.0,4.0,4.0,5.0,0,1
1,24.0,0,2,0.0,3,1,3.0,2,75.0,1,0,0,17.0,2,11,1.0,177.0,4.0,3.0,3.0,0,1
1,55.0,0,1,0.0,1,0,3.0,2,64.0,1,0,1,14.0,1,10,2.0,57.0,2.0,4.0,5.0,0,0
1,24.0,1,2,0.0,2,1,2.0,2,51.0,0,0,1,13.0,1,14,6.0,129.0,4.0,3.0,5.0,0,1
1,20.0,1,2,0.0,0,1,1.0,0,43.0,1,0,1,6.0,2,9,5.0,81.0,3.0,3.0,2.0,0,0
0,38.0,0,3,0.0,1,1,0.0,0,39.0,0,1,1,14.0,2,9,4.0,108.0,4.0,4.0,5.0,0,0
0,31.0,0,3,0.0,4,0,1.0,1,22.0,1,1,1,2.0,1,10,2.0,109.0,2.0,4.0,5.0,1,0
0,61.0,1,1,0.0,1,0,0.0,2,22.0,1,0,1,3.0,1,9,5.0,92.0,2.0,1.0,1.0,0,0
0,25.0,0,0,4497.0,0,0,0.0,2,27.0,1,1,1,9.0,0,11,7.0,73.0,1.0,3.0,6.0,0,0
0,35.0,1,0,7005.0,0,1,4.0,0,41.0,1,1,1,14.0,0,2,6.0,59.0,3.0,3.0,2.0,0,1
0,55.0,1,1,0.0,1,0,4.0,0,48.0,0,0,1,17.0,2,5,4.0,143.0,1.0,4.0,6.0,0,0
0,55.0,1,1,0.0,0,0,3.0,1,55.0,0,1,1,15.0,1,13,9.0,35.0,3.0,3.0,4.0,1,0
0,41.0,1,0,10941.0,3,0,2.0,1,38.0,0,1,1,14.0,1,13,4.0,41.0,3.0,1.0,3.0,0,0
0,47.0,1,0,16146.0,1,0,0.0,1,71.0,1,1,1,4.0,1,11,2.0,102.0,1.0,1.0,2.0,0,0
0,22.0,1,2,0.0,3,0,6.0,1,71.0,1,1,1,11.0,0,14,9.0,120.0,4.0,2.0,4.0,1,1
0,56.0,1,1,0.0,0,0,6.0,2,66.0,0,1,1,4.0,1,9,2.0,141.0,1.0,3.0,5.0,0,0
0,55.0,0,1,0.0,1,0,3.0,0,25.0,1,1,1,9.0,2,13,8.0,189.0,3.0,1.0,4.0,1,0
0,25.0,0,2,0.0,1,1,5.0,2,65.0,1,1,1,9.0,1,10,6.0,137.0,4.0,5.0,2.0,1,1
0,46.0,0,3,0.0,3,0,1.0,0,19.0,1,1,1,3.0,2,11,4.0,158.0,3.0,1.0,1.0,0,1
0,62.0,1,1,0.0,3,0,2.0,1,39.0,1,0,1,9.0,2,14,8.0,15.0,4.0,2.0,2.0,0,1
0,41.0,1,3,0.0,0,0,2.0,1,34.0,0,1,1,12.0,0,9,10.0,32.0,3.0,2.0,5.0,0,0
0,21.0,0,2,0.0,0,0,6.0,0,93.0,0,0,0,14.0,1,11,6.0,10.0,1.0,3.0,2.0,1,0
0,61.0,0,1,0.0,1,0,6.0,2,14.0,0,1,0,14.0,1,5,4.0,154.0,1.0,5.0,5.0,1,0
0,35.0,0,0,7326.0,1,1,0.0,1,74.0,1,1,1,2.0,1,13,1.0,111.0,3.0,2.0,2.0,1,0
0,59.0,1,3,0.0,1,0,3.0,0,58.0,1,0,1,7.0,0,14,4.0,125.0,1.0,1.0,4.0,0,1
0,23.0,0,2,0.0,3,1,0.0,2,12.0,1,1,1,9.0,0,5,5.0,190.0,3.0,3.0,4.0,1,1
0,24.0,1,2,0.0,3,0,4.0,0,54.0,1,0,1,4.0,2,11,8.0,157.0,4.0,5.0,2.0,1,0
0,58.0,0,1,0.0,3,0,4.0,0,23.0,1,1,1,17.0,2,14,7.0,147.0,3.0,3.0,3.0,1,0
0,40.0,1,3,0.0,4,0,6.0,2,39.0,0,0,1,9.0,2,13,6.0,141.0,2.0,3.0,6.0,1,1
0,56.0,0,1,0.0,1,0,4.0,0,77.0,0,1,1,13.0,1,13,2.0,109.0,1.0,5.0,3.0,0,1
0,34.0,0,0,9503.0,3,1,3.0,1,27.0,1,0,1,2.0,0,11,6.0,81.0,3.0,3.0,6.0,1,1
0,18.0,1,2,0.0,1,0,1.0,2,71.0,0,1,1,12.0,2,13,3.0,42.0,3.0,1.0,5.0,0,0
0,22.0,1,2,0.0,2,0,4.0,0,46.0,0,0,1,12.0,1,2,10.0,114.0,2.0,2.0,2.0,0,1
0,64.0,0,1,0.0,4,0,0.0,0,34.0,1,1,1,17.0,2,14,9.0,162.0,1.0,1.0,1.0,1,0
0,25.0,1,3,0.0,1,1,1.0,0,57.0,0,1,1,10.0,1,14,5.0,93.0,4.0,5.0,3.0,0,1
0,26.0,1,3,0.0,0,0,2.0,0,74.0,1,0,1,14.0,1,13,8.0,58.0,2.0,5.0,5.0,0,0
0,60.0,1,0,35408.0,0,0,5.0,2,62.0,1,1,1,12.0,2,10,7.0,169.0,3.0,3.0,1.0,0,0
0,22.0,0,2,0.0,3,0,2.0,2,88.0,1,1,1,14.0,1,5,2.0,23.0,1.0,3.0,5.0,0,1
0,67.0,0,1,0.0,3,0,0.0,0,82.0,0,1,0,10.0,2,10,5.0,191.0,3.0,5.0,6.0,0,1
0,57.0,1,1,0.0,1,0,4.0,1,24.0,1,1,1,6.0,1,5,1.0,156.0,1.0,2.0,4.0,1,0
0,43.0,0,3,0.0,1,0,0.0,0,58.0,1,1,1,11.0,1,2,1.0,164.0,4.0,2.0,2.0,0,0
0,46.0,0,3,0.0,4,0,0.0,2,97.0,1,1,1,5.0,1,10,8.0,87.0,1.0,3.0,1.0,1,0
0,24.0,1,2,0.0,3,1,6.0,0,77.0,1,0,1,16.0,1,2,5.0,191.0,3.0,5.0,6.0,0,1
0,42.0,1,3,0.0,1,0,1.0,0,21.0,0,1,1,12.0,2,9,7.0,104.0,4.0,4.0,1.0,0,1
0,19.0,0,2,0.0,1,0,0.0,1,68.0,0,1,1,7.0,1,13,9.0,55.0,2.0,3.0,5.0,0,1
0,42.0,1,3,0.0,3,0,4.0,1,46.0,1,0,1,13.0,2,5,8.0,134.0,2.0,3.0,1.0,0,0
0,19.0,0,2,0.0,1,1,3.0,2,70.0,1,0,1,8.0,2,11,4.0,71.0,1.0,1.0,6.0,1,1
0,28.0,0,0,2437.0,4,1,0.0,2,52.0,1,1,1,6.0,2,11,7.0,80.0,2.0,1.0,5.0,0,0
0,42.0,1,0,14364.0,3,0,1.0,1,79.0,1,1,1,12.0,0,13,8.0,104.0,1.0,4.0,6.0,0,0
0,55.0,0,1,0.0,3,0,3.0,0,48.0,1,1,1,14.0,2,14,6.0,183.0,4.0,1.0,6.0,1,1
0,39.0,0,0,6454.0,1,1,1.0,2,65.0,1,1,1,11.0,1,13,6.0,130.0,3.0,2.0,6.0,0,0
0,59.0,0,0,47211.0,4,0,6.0,0,72.0,1,1,1,10.0,1,13,6.0,73.0,3.0,2.0,6.0,1,0
0,50.0,1,0,37595.0,1,0,6.0,2,55.0,0,1,0,4.0,1,14,3.0,36.0,1.0,2.0,6.0,0,0
0,18.0,1,2,0.0,1,1,4.0,0,97.0,0,1,1,16.0,2,9,2.0,28.0,2.0,4.0,3.0,0,0
0,55.0,0,0,35272.0,4,0,0.0,2,20.0,1,1,1,8.0,1,10,1.0,75.0,2.0,4.0,3.0,0,1
